current_emotion,target_emotion,text
anxious,calm,"Notice the presence of anxious. With a gentle breath, soften your body and mind. Invite calm to spread like ripples across still water."
anxious,calm,"It's okay to feel anxious in this moment. Each inhale and exhale creates a little more space. Let calm arrive quietly, steadying your breath and body."
anxious,calm,Begin by acknowledging the anxious state within you. Let your shoulders drop and your breath deepen. Feel calm settle into your chest with each exhale.
anxious,calm,Allow yourself to recognize the anxious energy moving through you. Imagine releasing a small layer of tension with every exhale. Invite calm to spread like ripples across still water.
anxious,calm,"Even in anxious times, awareness is the first step. Stay close to the rhythm of breathing, simple and steady. Let calm arrive quietly, steadying your breath and body."
anxious,grounded,"Notice the presence of anxious. With a gentle breath, soften your body and mind. Sense the ground beneath your feet holding you steadily."
anxious,grounded,"It's okay to feel anxious in this moment. Each inhale and exhale creates a little more space. Let yourself root down, supported and safe."
anxious,grounded,Begin by acknowledging the anxious state within you. Let your shoulders drop and your breath deepen. Imagine growing roots into the earth for stability.
anxious,grounded,Allow yourself to recognize the anxious energy moving through you. Imagine releasing a small layer of tension with every exhale. Sense the ground beneath your feet holding you steadily.
anxious,grounded,"Even in anxious times, awareness is the first step. Stay close to the rhythm of breathing, simple and steady. Let yourself root down, supported and safe."
anxious,peaceful,"Notice the presence of anxious. With a gentle breath, soften your body and mind. Picture a wide open sky of peace above and within you."
anxious,peaceful,It's okay to feel anxious in this moment. Each inhale and exhale creates a little more space. Let peaceful stillness gather around your breath.
anxious,peaceful,Begin by acknowledging the anxious state within you. Let your shoulders drop and your breath deepen. Feel peaceful spaciousness in your body as you exhale.
anxious,peaceful,Allow yourself to recognize the anxious energy moving through you. Imagine releasing a small layer of tension with every exhale. Picture a wide open sky of peace above and within you.
anxious,peaceful,"Even in anxious times, awareness is the first step. Stay close to the rhythm of breathing, simple and steady. Let peaceful stillness gather around your breath."
worried,calm,"Notice the presence of worried. With a gentle breath, soften your body and mind. Invite calm to spread like ripples across still water."
worried,calm,"It's okay to feel worried in this moment. Each inhale and exhale creates a little more space. Let calm arrive quietly, steadying your breath and body."
worried,calm,Begin by acknowledging the worried state within you. Let your shoulders drop and your breath deepen. Feel calm settle into your chest with each exhale.
worried,calm,Allow yourself to recognize the worried energy moving through you. Imagine releasing a small layer of tension with every exhale. Invite calm to spread like ripples across still water.
worried,calm,"Even in worried times, awareness is the first step. Stay close to the rhythm of breathing, simple and steady. Let calm arrive quietly, steadying your breath and body."
worried,accepting,"Notice the presence of worried. With a gentle breath, soften your body and mind. Allow acceptance to wrap around this moment without judgment."
worried,accepting,It's okay to feel worried in this moment. Each inhale and exhale creates a little more space. Offer yourself permission to let things be as they are.
worried,accepting,Begin by acknowledging the worried state within you. Let your shoulders drop and your breath deepen. Feel the soft presence of acceptance easing resistance.
worried,accepting,Allow yourself to recognize the worried energy moving through you. Imagine releasing a small layer of tension with every exhale. Allow acceptance to wrap around this moment without judgment.
worried,accepting,"Even in worried times, awareness is the first step. Stay close to the rhythm of breathing, simple and steady. Offer yourself permission to let things be as they are."
worried,peaceful,"Notice the presence of worried. With a gentle breath, soften your body and mind. Picture a wide open sky of peace above and within you."
worried,peaceful,It's okay to feel worried in this moment. Each inhale and exhale creates a little more space. Let peaceful stillness gather around your breath.
worried,peaceful,Begin by acknowledging the worried state within you. Let your shoulders drop and your breath deepen. Feel peaceful spaciousness in your body as you exhale.
worried,peaceful,Allow yourself to recognize the worried energy moving through you. Imagine releasing a small layer of tension with every exhale. Picture a wide open sky of peace above and within you.
worried,peaceful,"Even in worried times, awareness is the first step. Stay close to the rhythm of breathing, simple and steady. Let peaceful stillness gather around your breath."
stressed,relaxed,"Notice the presence of stressed. With a gentle breath, soften your body and mind. Invite relaxation to loosen muscles and thoughts alike."
stressed,relaxed,It's okay to feel stressed in this moment. Each inhale and exhale creates a little more space. Let relaxation flow down your body like warm sunlight.
stressed,relaxed,Begin by acknowledging the stressed state within you. Let your shoulders drop and your breath deepen. Rest in the simplicity of a relaxed breath.
stressed,relaxed,Allow yourself to recognize the stressed energy moving through you. Imagine releasing a small layer of tension with every exhale. Invite relaxation to loosen muscles and thoughts alike.
stressed,relaxed,"Even in stressed times, awareness is the first step. Stay close to the rhythm of breathing, simple and steady. Let relaxation flow down your body like warm sunlight."
stressed,calm,"Notice the presence of stressed. With a gentle breath, soften your body and mind. Invite calm to spread like ripples across still water."
stressed,calm,"It's okay to feel stressed in this moment. Each inhale and exhale creates a little more space. Let calm arrive quietly, steadying your breath and body."
stressed,calm,Begin by acknowledging the stressed state within you. Let your shoulders drop and your breath deepen. Feel calm settle into your chest with each exhale.
stressed,calm,Allow yourself to recognize the stressed energy moving through you. Imagine releasing a small layer of tension with every exhale. Invite calm to spread like ripples across still water.
stressed,calm,"Even in stressed times, awareness is the first step. Stay close to the rhythm of breathing, simple and steady. Let calm arrive quietly, steadying your breath and body."
stressed,peaceful,"Notice the presence of stressed. With a gentle breath, soften your body and mind. Picture a wide open sky of peace above and within you."
stressed,peaceful,It's okay to feel stressed in this moment. Each inhale and exhale creates a little more space. Let peaceful stillness gather around your breath.
stressed,peaceful,Begin by acknowledging the stressed state within you. Let your shoulders drop and your breath deepen. Feel peaceful spaciousness in your body as you exhale.
stressed,peaceful,Allow yourself to recognize the stressed energy moving through you. Imagine releasing a small layer of tension with every exhale. Picture a wide open sky of peace above and within you.
stressed,peaceful,"Even in stressed times, awareness is the first step. Stay close to the rhythm of breathing, simple and steady. Let peaceful stillness gather around your breath."
angry,calm,"Notice the presence of angry. With a gentle breath, soften your body and mind. Invite calm to spread like ripples across still water."
angry,calm,"It's okay to feel angry in this moment. Each inhale and exhale creates a little more space. Let calm arrive quietly, steadying your breath and body."
angry,calm,Begin by acknowledging the angry state within you. Let your shoulders drop and your breath deepen. Feel calm settle into your chest with each exhale.
angry,calm,Allow yourself to recognize the angry energy moving through you. Imagine releasing a small layer of tension with every exhale. Invite calm to spread like ripples across still water.
angry,calm,"Even in angry times, awareness is the first step. Stay close to the rhythm of breathing, simple and steady. Let calm arrive quietly, steadying your breath and body."
angry,accepting,"Notice the presence of angry. With a gentle breath, soften your body and mind. Allow acceptance to wrap around this moment without judgment."
angry,accepting,It's okay to feel angry in this moment. Each inhale and exhale creates a little more space. Offer yourself permission to let things be as they are.
angry,accepting,Begin by acknowledging the angry state within you. Let your shoulders drop and your breath deepen. Feel the soft presence of acceptance easing resistance.
angry,accepting,Allow yourself to recognize the angry energy moving through you. Imagine releasing a small layer of tension with every exhale. Allow acceptance to wrap around this moment without judgment.
angry,accepting,"Even in angry times, awareness is the first step. Stay close to the rhythm of breathing, simple and steady. Offer yourself permission to let things be as they are."
angry,peaceful,"Notice the presence of angry. With a gentle breath, soften your body and mind. Picture a wide open sky of peace above and within you."
angry,peaceful,It's okay to feel angry in this moment. Each inhale and exhale creates a little more space. Let peaceful stillness gather around your breath.
angry,peaceful,Begin by acknowledging the angry state within you. Let your shoulders drop and your breath deepen. Feel peaceful spaciousness in your body as you exhale.
angry,peaceful,Allow yourself to recognize the angry energy moving through you. Imagine releasing a small layer of tension with every exhale. Picture a wide open sky of peace above and within you.
angry,peaceful,"Even in angry times, awareness is the first step. Stay close to the rhythm of breathing, simple and steady. Let peaceful stillness gather around your breath."
frustrated,patient,"Notice the presence of frustrated. With a gentle breath, soften your body and mind. Allow patience to widen the space inside you."
frustrated,patient,It's okay to feel frustrated in this moment. Each inhale and exhale creates a little more space. Trust that you can give this moment time to unfold.
frustrated,patient,"Begin by acknowledging the frustrated state within you. Let your shoulders drop and your breath deepen. Patience is here, waiting calmly within each breath."
frustrated,patient,Allow yourself to recognize the frustrated energy moving through you. Imagine releasing a small layer of tension with every exhale. Allow patience to widen the space inside you.
frustrated,patient,"Even in frustrated times, awareness is the first step. Stay close to the rhythm of breathing, simple and steady. Trust that you can give this moment time to unfold."
frustrated,calm,"Notice the presence of frustrated. With a gentle breath, soften your body and mind. Invite calm to spread like ripples across still water."
frustrated,calm,"It's okay to feel frustrated in this moment. Each inhale and exhale creates a little more space. Let calm arrive quietly, steadying your breath and body."
frustrated,calm,Begin by acknowledging the frustrated state within you. Let your shoulders drop and your breath deepen. Feel calm settle into your chest with each exhale.
frustrated,calm,Allow yourself to recognize the frustrated energy moving through you. Imagine releasing a small layer of tension with every exhale. Invite calm to spread like ripples across still water.
frustrated,calm,"Even in frustrated times, awareness is the first step. Stay close to the rhythm of breathing, simple and steady. Let calm arrive quietly, steadying your breath and body."
frustrated,accepting,"Notice the presence of frustrated. With a gentle breath, soften your body and mind. Allow acceptance to wrap around this moment without judgment."
frustrated,accepting,It's okay to feel frustrated in this moment. Each inhale and exhale creates a little more space. Offer yourself permission to let things be as they are.
frustrated,accepting,Begin by acknowledging the frustrated state within you. Let your shoulders drop and your breath deepen. Feel the soft presence of acceptance easing resistance.
frustrated,accepting,Allow yourself to recognize the frustrated energy moving through you. Imagine releasing a small layer of tension with every exhale. Allow acceptance to wrap around this moment without judgment.
frustrated,accepting,"Even in frustrated times, awareness is the first step. Stay close to the rhythm of breathing, simple and steady. Offer yourself permission to let things be as they are."
irritated,calm,"Notice the presence of irritated. With a gentle breath, soften your body and mind. Invite calm to spread like ripples across still water."
irritated,calm,"It's okay to feel irritated in this moment. Each inhale and exhale creates a little more space. Let calm arrive quietly, steadying your breath and body."
irritated,calm,Begin by acknowledging the irritated state within you. Let your shoulders drop and your breath deepen. Feel calm settle into your chest with each exhale.
irritated,calm,Allow yourself to recognize the irritated energy moving through you. Imagine releasing a small layer of tension with every exhale. Invite calm to spread like ripples across still water.
irritated,calm,"Even in irritated times, awareness is the first step. Stay close to the rhythm of breathing, simple and steady. Let calm arrive quietly, steadying your breath and body."
irritated,patient,"Notice the presence of irritated. With a gentle breath, soften your body and mind. Allow patience to widen the space inside you."
irritated,patient,It's okay to feel irritated in this moment. Each inhale and exhale creates a little more space. Trust that you can give this moment time to unfold.
irritated,patient,"Begin by acknowledging the irritated state within you. Let your shoulders drop and your breath deepen. Patience is here, waiting calmly within each breath."
irritated,patient,Allow yourself to recognize the irritated energy moving through you. Imagine releasing a small layer of tension with every exhale. Allow patience to widen the space inside you.
irritated,patient,"Even in irritated times, awareness is the first step. Stay close to the rhythm of breathing, simple and steady. Trust that you can give this moment time to unfold."
irritated,accepting,"Notice the presence of irritated. With a gentle breath, soften your body and mind. Allow acceptance to wrap around this moment without judgment."
irritated,accepting,It's okay to feel irritated in this moment. Each inhale and exhale creates a little more space. Offer yourself permission to let things be as they are.
irritated,accepting,Begin by acknowledging the irritated state within you. Let your shoulders drop and your breath deepen. Feel the soft presence of acceptance easing resistance.
irritated,accepting,Allow yourself to recognize the irritated energy moving through you. Imagine releasing a small layer of tension with every exhale. Allow acceptance to wrap around this moment without judgment.
irritated,accepting,"Even in irritated times, awareness is the first step. Stay close to the rhythm of breathing, simple and steady. Offer yourself permission to let things be as they are."
sad,accepting,"Notice the presence of sad. With a gentle breath, soften your body and mind. Allow acceptance to wrap around this moment without judgment."
sad,accepting,It's okay to feel sad in this moment. Each inhale and exhale creates a little more space. Offer yourself permission to let things be as they are.
sad,accepting,Begin by acknowledging the sad state within you. Let your shoulders drop and your breath deepen. Feel the soft presence of acceptance easing resistance.
sad,accepting,Allow yourself to recognize the sad energy moving through you. Imagine releasing a small layer of tension with every exhale. Allow acceptance to wrap around this moment without judgment.
sad,accepting,"Even in sad times, awareness is the first step. Stay close to the rhythm of breathing, simple and steady. Offer yourself permission to let things be as they are."
sad,content,"Notice the presence of sad. With a gentle breath, soften your body and mind. Let a quiet sense of contentment fill your chest."
sad,content,It's okay to feel sad in this moment. Each inhale and exhale creates a little more space. Notice one simple thing that brings you contentment.
sad,content,Begin by acknowledging the sad state within you. Let your shoulders drop and your breath deepen. Allow contentment to be enough in this moment.
sad,content,Allow yourself to recognize the sad energy moving through you. Imagine releasing a small layer of tension with every exhale. Let a quiet sense of contentment fill your chest.
sad,content,"Even in sad times, awareness is the first step. Stay close to the rhythm of breathing, simple and steady. Notice one simple thing that brings you contentment."
sad,peaceful,"Notice the presence of sad. With a gentle breath, soften your body and mind. Picture a wide open sky of peace above and within you."
sad,peaceful,It's okay to feel sad in this moment. Each inhale and exhale creates a little more space. Let peaceful stillness gather around your breath.
sad,peaceful,Begin by acknowledging the sad state within you. Let your shoulders drop and your breath deepen. Feel peaceful spaciousness in your body as you exhale.
sad,peaceful,Allow yourself to recognize the sad energy moving through you. Imagine releasing a small layer of tension with every exhale. Picture a wide open sky of peace above and within you.
sad,peaceful,"Even in sad times, awareness is the first step. Stay close to the rhythm of breathing, simple and steady. Let peaceful stillness gather around your breath."
depressed,accepting,"Notice the presence of depressed. With a gentle breath, soften your body and mind. Allow acceptance to wrap around this moment without judgment."
depressed,accepting,It's okay to feel depressed in this moment. Each inhale and exhale creates a little more space. Offer yourself permission to let things be as they are.
depressed,accepting,Begin by acknowledging the depressed state within you. Let your shoulders drop and your breath deepen. Feel the soft presence of acceptance easing resistance.
depressed,accepting,Allow yourself to recognize the depressed energy moving through you. Imagine releasing a small layer of tension with every exhale. Allow acceptance to wrap around this moment without judgment.
depressed,accepting,"Even in depressed times, awareness is the first step. Stay close to the rhythm of breathing, simple and steady. Offer yourself permission to let things be as they are."
depressed,hopeful,"Notice the presence of depressed. With a gentle breath, soften your body and mind. Feel a spark of hope brighten within you."
depressed,hopeful,It's okay to feel depressed in this moment. Each inhale and exhale creates a little more space. Let hope rise gently like the morning sun.
depressed,hopeful,Begin by acknowledging the depressed state within you. Let your shoulders drop and your breath deepen. Sense hope as a small but steady light ahead.
depressed,hopeful,Allow yourself to recognize the depressed energy moving through you. Imagine releasing a small layer of tension with every exhale. Feel a spark of hope brighten within you.
depressed,hopeful,"Even in depressed times, awareness is the first step. Stay close to the rhythm of breathing, simple and steady. Let hope rise gently like the morning sun."
depressed,calm,"Notice the presence of depressed. With a gentle breath, soften your body and mind. Invite calm to spread like ripples across still water."
depressed,calm,"It's okay to feel depressed in this moment. Each inhale and exhale creates a little more space. Let calm arrive quietly, steadying your breath and body."
depressed,calm,Begin by acknowledging the depressed state within you. Let your shoulders drop and your breath deepen. Feel calm settle into your chest with each exhale.
depressed,calm,Allow yourself to recognize the depressed energy moving through you. Imagine releasing a small layer of tension with every exhale. Invite calm to spread like ripples across still water.
depressed,calm,"Even in depressed times, awareness is the first step. Stay close to the rhythm of breathing, simple and steady. Let calm arrive quietly, steadying your breath and body."
lonely,connected,"Notice the presence of lonely. With a gentle breath, soften your body and mind. Remember that you are connected, not alone."
lonely,connected,It's okay to feel lonely in this moment. Each inhale and exhale creates a little more space. Feel into the invisible web of connection that holds you.
lonely,connected,Begin by acknowledging the lonely state within you. Let your shoulders drop and your breath deepen. Let connection flow through your heart as warmth.
lonely,connected,"Allow yourself to recognize the lonely energy moving through you. Imagine releasing a small layer of tension with every exhale. Remember that you are connected, not alone."
lonely,connected,"Even in lonely times, awareness is the first step. Stay close to the rhythm of breathing, simple and steady. Feel into the invisible web of connection that holds you."
lonely,accepting,"Notice the presence of lonely. With a gentle breath, soften your body and mind. Allow acceptance to wrap around this moment without judgment."
lonely,accepting,It's okay to feel lonely in this moment. Each inhale and exhale creates a little more space. Offer yourself permission to let things be as they are.
lonely,accepting,Begin by acknowledging the lonely state within you. Let your shoulders drop and your breath deepen. Feel the soft presence of acceptance easing resistance.
lonely,accepting,Allow yourself to recognize the lonely energy moving through you. Imagine releasing a small layer of tension with every exhale. Allow acceptance to wrap around this moment without judgment.
lonely,accepting,"Even in lonely times, awareness is the first step. Stay close to the rhythm of breathing, simple and steady. Offer yourself permission to let things be as they are."
lonely,peaceful,"Notice the presence of lonely. With a gentle breath, soften your body and mind. Picture a wide open sky of peace above and within you."
lonely,peaceful,It's okay to feel lonely in this moment. Each inhale and exhale creates a little more space. Let peaceful stillness gather around your breath.
lonely,peaceful,Begin by acknowledging the lonely state within you. Let your shoulders drop and your breath deepen. Feel peaceful spaciousness in your body as you exhale.
lonely,peaceful,Allow yourself to recognize the lonely energy moving through you. Imagine releasing a small layer of tension with every exhale. Picture a wide open sky of peace above and within you.
lonely,peaceful,"Even in lonely times, awareness is the first step. Stay close to the rhythm of breathing, simple and steady. Let peaceful stillness gather around your breath."
bored,curious,"Notice the presence of bored. With a gentle breath, soften your body and mind. Invite curiosity to open your perspective wider."
bored,curious,It's okay to feel bored in this moment. Each inhale and exhale creates a little more space. Let curiosity guide your attention like a gentle question.
bored,curious,Begin by acknowledging the bored state within you. Let your shoulders drop and your breath deepen. Notice what feels new or undiscovered right now.
bored,curious,Allow yourself to recognize the bored energy moving through you. Imagine releasing a small layer of tension with every exhale. Invite curiosity to open your perspective wider.
bored,curious,"Even in bored times, awareness is the first step. Stay close to the rhythm of breathing, simple and steady. Let curiosity guide your attention like a gentle question."
bored,interested,"Notice the presence of bored. With a gentle breath, soften your body and mind. Allow interest to gather around something simple."
bored,interested,It's okay to feel bored in this moment. Each inhale and exhale creates a little more space. Notice one detail that sparks your interest.
bored,interested,Begin by acknowledging the bored state within you. Let your shoulders drop and your breath deepen. Let yourself lean toward what feels engaging.
bored,interested,Allow yourself to recognize the bored energy moving through you. Imagine releasing a small layer of tension with every exhale. Allow interest to gather around something simple.
bored,interested,"Even in bored times, awareness is the first step. Stay close to the rhythm of breathing, simple and steady. Notice one detail that sparks your interest."
bored,content,"Notice the presence of bored. With a gentle breath, soften your body and mind. Let a quiet sense of contentment fill your chest."
bored,content,It's okay to feel bored in this moment. Each inhale and exhale creates a little more space. Notice one simple thing that brings you contentment.
bored,content,Begin by acknowledging the bored state within you. Let your shoulders drop and your breath deepen. Allow contentment to be enough in this moment.
bored,content,Allow yourself to recognize the bored energy moving through you. Imagine releasing a small layer of tension with every exhale. Let a quiet sense of contentment fill your chest.
bored,content,"Even in bored times, awareness is the first step. Stay close to the rhythm of breathing, simple and steady. Notice one simple thing that brings you contentment."
confused,clear,"Notice the presence of confused. With a gentle breath, soften your body and mind. Invite clarity to sweep gently through your thoughts."
confused,clear,It's okay to feel confused in this moment. Each inhale and exhale creates a little more space. Let your mind clear like mist lifting from a valley.
confused,clear,"Begin by acknowledging the confused state within you. Let your shoulders drop and your breath deepen. Sense clarity arriving as simplicity, not perfection."
confused,clear,Allow yourself to recognize the confused energy moving through you. Imagine releasing a small layer of tension with every exhale. Invite clarity to sweep gently through your thoughts.
confused,clear,"Even in confused times, awareness is the first step. Stay close to the rhythm of breathing, simple and steady. Let your mind clear like mist lifting from a valley."
confused,focused,"Notice the presence of confused. With a gentle breath, soften your body and mind. Let your attention rest on one steady point."
confused,focused,"It's okay to feel confused in this moment. Each inhale and exhale creates a little more space. Invite focus to sharpen gently, like adjusting a lens."
confused,focused,"Begin by acknowledging the confused state within you. Let your shoulders drop and your breath deepen. Hold your focus softly, without strain."
confused,focused,Allow yourself to recognize the confused energy moving through you. Imagine releasing a small layer of tension with every exhale. Let your attention rest on one steady point.
confused,focused,"Even in confused times, awareness is the first step. Stay close to the rhythm of breathing, simple and steady. Invite focus to sharpen gently, like adjusting a lens."
confused,understanding,"Notice the presence of confused. With a gentle breath, soften your body and mind. Allow understanding to grow in gentle layers."
confused,understanding,It's okay to feel confused in this moment. Each inhale and exhale creates a little more space. Invite understanding by listening inward.
confused,understanding,Begin by acknowledging the confused state within you. Let your shoulders drop and your breath deepen. Feel understanding open space for compassion.
confused,understanding,Allow yourself to recognize the confused energy moving through you. Imagine releasing a small layer of tension with every exhale. Allow understanding to grow in gentle layers.
confused,understanding,"Even in confused times, awareness is the first step. Stay close to the rhythm of breathing, simple and steady. Invite understanding by listening inward."
tired,rested,"Notice the presence of tired. With a gentle breath, soften your body and mind. Invite rest to soften your body and mind."
tired,rested,It's okay to feel tired in this moment. Each inhale and exhale creates a little more space. Let rest settle over you like a light blanket.
tired,rested,Begin by acknowledging the tired state within you. Let your shoulders drop and your breath deepen. Feel rested ease filling your breath and muscles.
tired,rested,Allow yourself to recognize the tired energy moving through you. Imagine releasing a small layer of tension with every exhale. Invite rest to soften your body and mind.
tired,rested,"Even in tired times, awareness is the first step. Stay close to the rhythm of breathing, simple and steady. Let rest settle over you like a light blanket."
tired,peaceful,"Notice the presence of tired. With a gentle breath, soften your body and mind. Picture a wide open sky of peace above and within you."
tired,peaceful,It's okay to feel tired in this moment. Each inhale and exhale creates a little more space. Let peaceful stillness gather around your breath.
tired,peaceful,Begin by acknowledging the tired state within you. Let your shoulders drop and your breath deepen. Feel peaceful spaciousness in your body as you exhale.
tired,peaceful,Allow yourself to recognize the tired energy moving through you. Imagine releasing a small layer of tension with every exhale. Picture a wide open sky of peace above and within you.
tired,peaceful,"Even in tired times, awareness is the first step. Stay close to the rhythm of breathing, simple and steady. Let peaceful stillness gather around your breath."
tired,calm,"Notice the presence of tired. With a gentle breath, soften your body and mind. Invite calm to spread like ripples across still water."
tired,calm,"It's okay to feel tired in this moment. Each inhale and exhale creates a little more space. Let calm arrive quietly, steadying your breath and body."
tired,calm,Begin by acknowledging the tired state within you. Let your shoulders drop and your breath deepen. Feel calm settle into your chest with each exhale.
tired,calm,Allow yourself to recognize the tired energy moving through you. Imagine releasing a small layer of tension with every exhale. Invite calm to spread like ripples across still water.
tired,calm,"Even in tired times, awareness is the first step. Stay close to the rhythm of breathing, simple and steady. Let calm arrive quietly, steadying your breath and body."
content,grateful,"Notice the presence of content. With a gentle breath, soften your body and mind. Notice something small to feel grateful for."
content,grateful,It's okay to feel content in this moment. Each inhale and exhale creates a little more space. Let gratitude warm your chest like a soft glow.
content,grateful,Begin by acknowledging the content state within you. Let your shoulders drop and your breath deepen. Allow grateful thoughts to ripple outward.
content,grateful,Allow yourself to recognize the content energy moving through you. Imagine releasing a small layer of tension with every exhale. Notice something small to feel grateful for.
content,grateful,"Even in content times, awareness is the first step. Stay close to the rhythm of breathing, simple and steady. Let gratitude warm your chest like a soft glow."
content,joyful,"Notice the presence of content. With a gentle breath, soften your body and mind. Notice sparks of joy and let them expand gently."
content,joyful,It's okay to feel content in this moment. Each inhale and exhale creates a little more space. Invite joy into your breath and posture.
content,joyful,Begin by acknowledging the content state within you. Let your shoulders drop and your breath deepen. Let joyful lightness rise naturally in you.
content,joyful,Allow yourself to recognize the content energy moving through you. Imagine releasing a small layer of tension with every exhale. Notice sparks of joy and let them expand gently.
content,joyful,"Even in content times, awareness is the first step. Stay close to the rhythm of breathing, simple and steady. Invite joy into your breath and posture."
content,energized,"Notice the presence of content. With a gentle breath, soften your body and mind. Let energy gather on the inhale, bright and fresh."
content,energized,It's okay to feel content in this moment. Each inhale and exhale creates a little more space. Invite energized aliveness into your body.
content,energized,Begin by acknowledging the content state within you. Let your shoulders drop and your breath deepen. Feel energized clarity awaken your senses.
content,energized,"Allow yourself to recognize the content energy moving through you. Imagine releasing a small layer of tension with every exhale. Let energy gather on the inhale, bright and fresh."
content,energized,"Even in content times, awareness is the first step. Stay close to the rhythm of breathing, simple and steady. Invite energized aliveness into your body."
calm,peaceful,"Notice the presence of calm. With a gentle breath, soften your body and mind. Picture a wide open sky of peace above and within you."
calm,peaceful,It's okay to feel calm in this moment. Each inhale and exhale creates a little more space. Let peaceful stillness gather around your breath.
calm,peaceful,Begin by acknowledging the calm state within you. Let your shoulders drop and your breath deepen. Feel peaceful spaciousness in your body as you exhale.
calm,peaceful,Allow yourself to recognize the calm energy moving through you. Imagine releasing a small layer of tension with every exhale. Picture a wide open sky of peace above and within you.
calm,peaceful,"Even in calm times, awareness is the first step. Stay close to the rhythm of breathing, simple and steady. Let peaceful stillness gather around your breath."
calm,grateful,"Notice the presence of calm. With a gentle breath, soften your body and mind. Notice something small to feel grateful for."
calm,grateful,It's okay to feel calm in this moment. Each inhale and exhale creates a little more space. Let gratitude warm your chest like a soft glow.
calm,grateful,Begin by acknowledging the calm state within you. Let your shoulders drop and your breath deepen. Allow grateful thoughts to ripple outward.
calm,grateful,Allow yourself to recognize the calm energy moving through you. Imagine releasing a small layer of tension with every exhale. Notice something small to feel grateful for.
calm,grateful,"Even in calm times, awareness is the first step. Stay close to the rhythm of breathing, simple and steady. Let gratitude warm your chest like a soft glow."
calm,content,"Notice the presence of calm. With a gentle breath, soften your body and mind. Let a quiet sense of contentment fill your chest."
calm,content,It's okay to feel calm in this moment. Each inhale and exhale creates a little more space. Notice one simple thing that brings you contentment.
calm,content,Begin by acknowledging the calm state within you. Let your shoulders drop and your breath deepen. Allow contentment to be enough in this moment.
calm,content,Allow yourself to recognize the calm energy moving through you. Imagine releasing a small layer of tension with every exhale. Let a quiet sense of contentment fill your chest.
calm,content,"Even in calm times, awareness is the first step. Stay close to the rhythm of breathing, simple and steady. Notice one simple thing that brings you contentment."
happy,joyful,"Notice the presence of happy. With a gentle breath, soften your body and mind. Notice sparks of joy and let them expand gently."
happy,joyful,It's okay to feel happy in this moment. Each inhale and exhale creates a little more space. Invite joy into your breath and posture.
happy,joyful,Begin by acknowledging the happy state within you. Let your shoulders drop and your breath deepen. Let joyful lightness rise naturally in you.
happy,joyful,Allow yourself to recognize the happy energy moving through you. Imagine releasing a small layer of tension with every exhale. Notice sparks of joy and let them expand gently.
happy,joyful,"Even in happy times, awareness is the first step. Stay close to the rhythm of breathing, simple and steady. Invite joy into your breath and posture."
happy,grateful,"Notice the presence of happy. With a gentle breath, soften your body and mind. Notice something small to feel grateful for."
happy,grateful,It's okay to feel happy in this moment. Each inhale and exhale creates a little more space. Let gratitude warm your chest like a soft glow.
happy,grateful,Begin by acknowledging the happy state within you. Let your shoulders drop and your breath deepen. Allow grateful thoughts to ripple outward.
happy,grateful,Allow yourself to recognize the happy energy moving through you. Imagine releasing a small layer of tension with every exhale. Notice something small to feel grateful for.
happy,grateful,"Even in happy times, awareness is the first step. Stay close to the rhythm of breathing, simple and steady. Let gratitude warm your chest like a soft glow."
happy,energized,"Notice the presence of happy. With a gentle breath, soften your body and mind. Let energy gather on the inhale, bright and fresh."
happy,energized,It's okay to feel happy in this moment. Each inhale and exhale creates a little more space. Invite energized aliveness into your body.
happy,energized,Begin by acknowledging the happy state within you. Let your shoulders drop and your breath deepen. Feel energized clarity awaken your senses.
happy,energized,"Allow yourself to recognize the happy energy moving through you. Imagine releasing a small layer of tension with every exhale. Let energy gather on the inhale, bright and fresh."
happy,energized,"Even in happy times, awareness is the first step. Stay close to the rhythm of breathing, simple and steady. Invite energized aliveness into your body."
